2016/11/14,A18164178225,CHANDO/自然堂 雪域精粹纯粹滋润霜50g补水保湿 滋润水润面霜,139,26719,2704,自然堂
2016/11/14,A18177105952,CHAND0/自然堂凝时鲜颜肌活乳液120ML 淡化细纹补水滋润专柜正品,194,8122,1492,自然堂
2016/11/14,A18177226992,CHAND0/自然堂活泉保湿修护精华水（滋润型135ml 补水控油爽肤水,99,12668,589,自然堂
2016/11/14,A18178033846,CHAND0/自然堂 男士劲爽控油洁面膏100g深层清洁 男士洗面奶,38,25805,4287,自然堂
2016/11/14,A18178045259,CHAND0/自然堂雪域精粹纯粹滋润霜（清爽型）50g补水保湿滋润霜,139,5196,618,自然堂
2016/11/14,A18178129035,自然堂 雪域纯粹滋润洗颜霜 110g 补水保湿 洗面奶女 深层清洁,88,42858,8426,自然堂
2016/11/14,A18178206572,CHAND0/自然堂雪润皙白晶采霜（滋润型）50g滋润修护面霜 正品,139,3027,304,自然堂
2016/11/14,A18190290933,自然堂 活泉深层净化控油凝露60g控油补水保湿滋润 活泉精华正品,86,6925,740,自然堂
2016/11/14,A18250630014,CHAND0/自然堂 凝时鲜颜肌活修护精华液35ml 淡化细纹护肤精华,216,4649,630,自然堂
2016/11/14,A18422797881,CHAND0/自然堂活泉保湿精华套装 保湿补水滋润控油面部护理套装,258,2293,43,自然堂
2016/11/14,A18919906680,自然堂 水润保湿柔肤水 135ml 补水保湿清透锁水 专柜正品,66,64345,10210,自然堂
2016/11/14,A18934397934,CHAND0/自然堂水润保湿霜50g补水保湿锁水细腻清爽防干燥正品,176,19290,3152,自然堂
2016/11/14,A18934597093,CHAND0/自然堂水润长效保湿霜50g深层补水持久锁水细腻清爽滋润,86,10711,618,自然堂
2016/11/14,A18980833277,CHAND0/自然堂男士面部护肤套装 洁面洗面奶爽肤水面霜,503,2775,124,自然堂
2016/11/14,A18981009694,CHAND0/自然堂雪润深澈精华面膜贴5片 补水面膜护肤品专柜,199,16963,697,自然堂
2016/11/14,A18997821811,CHAND0/自然堂娇颜嫩白保湿霜50g 保湿补水滋润清保湿霜,96,2748,167,自然堂
2016/11/14,A18997825320,CHAND0/自然堂娇颜 保湿乳100ML 持久保湿水嫩肌肤补水 乳液,186,13428,1184,自然堂
2016/11/14,A19008350212,CHAND0/自然堂雪润皙白水乳套装 爽肤水乳液面膜 亮肤补水套装,249,22353,2918,自然堂
2016/11/14,A19009618209,CHAND0/自然堂凝时鲜颜套装水乳/霜套装 补水保湿滋润淡化细纹,348,19262,1786,自然堂
2016/11/14,A19371494116,CHAND0/自然堂雪域精粹冰肌精华套组 滋润护肤 精华爽肤水BB套装,508,12810,1304,自然堂
2016/11/14,A19504102657,自然堂水润保湿洁面套装 深层清洁不紧绷补水保湿洁面,76,25988,920,自然堂
2016/11/14,A19743978078,CHAND0/自然堂水润保湿面膜5片装 滋润补水保湿面膜贴 包邮 正品,49,57344,4394,自然堂
2016/11/14,A19757777516,CHAND0/自然堂娇颜粉嫩保湿面膜面贴膜5片 密集补水修护面膜包邮,59,17747,1175,自然堂
2016/11/14,A19829582834,CHAND0/自然堂雪域精粹密集修护滋润冰肌膜 补水保湿滋润面膜,138,16203,1645,自然堂


